{"cameraMode":{"drawMode":0,"name":"Shaded","section":"Shading Mode"},"sceneLighting":true,"audioPlay":false,"sceneViewState":{"showFog":true,"showMaterialUpdate":false,"showSkybox":true,"showFlares":true,"showImageEffects":true,"showParticleSystems":true},"in2DMode":false,"pivot":{"x":-1.833232045173645,"y":0.2137312889099121,"z":-0.061278581619262698},"rotation":{"x":0.30694589018821719,"y":0.00999289471656084,"z":-0.0032230503857135774,"w":0.9516690373420715},"size":3.852821111679077,"orthographic":false}