{"cameraMode":{"drawMode":0,"name":"Shaded","section":"Shading Mode"},"sceneLighting":true,"audioPlay":false,"sceneViewState":{"showFog":true,"showMaterialUpdate":false,"showSkybox":true,"showFlares":true,"showImageEffects":true,"showParticleSystems":true},"in2DMode":false,"pivot":{"x":0.11069297790527344,"y":1.3967926502227784,"z":-0.15907955169677735},"rotation":{"x":0.04850885272026062,"y":-0.9256114959716797,"z":0.12713657319545747,"w":0.353166401386261},"size":11.453763008117676,"orthographic":false}