{"cameraMode":{"drawMode":0,"name":"Shaded","section":"Shading Mode"},"sceneLighting":true,"audioPlay":false,"sceneViewState":{"showFog":true,"showMaterialUpdate":false,"showSkybox":true,"showFlares":true,"showImageEffects":true,"showParticleSystems":true},"in2DMode":false,"pivot":{"x":0.6535320281982422,"y":1.8944206237792969,"z":7.500371932983398},"rotation":{"x":0.21653565764427186,"y":-0.7526235580444336,"z":0.2988636791706085,"w":0.54529869556427},"size":41.61626434326172,"orthographic":false}