{"cameraMode":{"drawMode":0,"name":"Shaded","section":"Shading Mode"},"sceneLighting":true,"audioPlay":false,"sceneViewState":{"showFog":true,"showMaterialUpdate":false,"showSkybox":true,"showFlares":true,"showImageEffects":true,"showParticleSystems":true},"in2DMode":false,"pivot":{"x":-0.8018149137496948,"y":1.1367393732070923,"z":-0.2954695224761963},"rotation":{"x":0.006567419972270727,"y":-0.9309051632881165,"z":0.016758104786276819,"w":0.3648172914981842},"size":3.9225547313690187,"orthographic":false}